{
  "sections": {
    "header": {
      "type": "header"
    },
    "featured-collection": {
      "type": "featured-collection",
      "settings": {
        "featured_collection": "all"
      }
    },
    "intro-index": {
      "type": "intro-index"
    },
    "how-it-works": {
      "type": "how_it_works"
    },
    "best-selling-cards": {
      "type": "best-selling-cards"
    },
    "why-cards-flex": {
      "type": "why-cards-flex"
    },
    "discount": {
      "type": "discount"
    },
    "frequently-asked-questions": {
      "type": "frequently-asked-questions"
    },
    "get-in-touch": {
      "type": "get-in-touch"
    }
  },
  "order": [
    "header",
    "intro-index",
    "how-it-works",
    "best-selling-cards",
    "why-cards-flex",
    "discount",
    "frequently-asked-questions",
    "get-in-touch",
    "featured-collection"
  ]
}
