{
  "sections": {
      "template": {
          "type": "template-product",
          "blocks": {
              "vendor": { "type": "vendor" },
              "title": { "type": "title" },
              "price": { "type": "price" },
              "variant_selector": { "type": "variant_selector" },
              "quantity": { "type": "quantity" },
              "description": { "type": "description" },
              "checkout_buttons": { "type": "checkout_buttons" }
          },
          "block_order": [
              "vendor",
              "title",
              "price",
              "variant_selector",
              "quantity",
              "description",
              "checkout_buttons"
          ]
      }
  },
  "order": ["template"]
}